d,M,n,eigen_index,rate,rate_over_d,C2_normalized_weight,C2_raw_weight,mirror_antisymmetric_G_norm
0.004,14,768,1,0.004477457333359654,1.1193643333399135,0.9996224201328096,0.4998272046649129,0.9999865134448709
0.004,14,768,2,0.012330367774657076,3.0825919436642693,5.830679769398837e-26,2.9154331793075255e-26,0.9999603803048456
0.004,14,768,3,0.023594743994433728,5.898685998608432,0.0003542363015523594,0.00017712381878372559,0.9999215502029567
0.004,14,768,4,0.03826323631307461,9.565809078268652,1.706259663541461e-24,8.531571330174007e-25,0.9998703552637457
0.004,14,768,5,0.056336362641037495,14.084090660259374,4.644666379941444e-06,2.322407507605516e-06,0.9998068579337228
0.004,14,768,6,0.07781745074527252,19.45436268631813,3.347164844280694e-24,1.6736359789201338e-24,0.9997310711791105
0.004,14,768,7,0.10270718282630965,25.676795706577412,2.8337567253895935e-07,1.416923704616086e-07,0.999642938107045
0.004,14,768,8,0.13101745473154017,32.75436368288504,4.5629628786477617e-26,2.281554449650362e-26,0.9995423987552815
0.004,14,768,9,0.1627483505244075,40.687087631101875,3.521914508111824e-08,1.7610136069421646e-08,0.999426412672837
0.004,14,768,10,0.1978994826746833,49.474870668670825,7.2225311279060635e-25,3.6113811290736983e-25,0.9992999742670623
0.004,14,768,11,0.24141812804526258,60.35453201131564,8.118339155077041e-09,4.059299476160964e-09,0.9989309689049237
0.004,14,768,12,0.2880935720048797,72.02339300121993,6.592580025003455e-26,3.2963954980015616e-26,0.998632083261076
0.004,14,768,13,1.7985563020639972,449.6390755159993,9.003657583841125e-10,4.501972856204494e-10,0.9990552857032737
0.004,14,768,14,451.82260230898265,112955.65057724566,9.030025825674068e-06,4.515157399029711e-06,1.73078681892095e-06
0.004,14,768,15,776.708323309008,194177.080827252,1.2049804979834858e-32,6.025095294509315e-33,2.033407778236498e-06
0.004,14,768,16,977.4011008790563,244350.2752197641,7.1203094794077e-06,3.560268669212716e-06,4.168949321700605e-05
0.004,14,768,17,1115.8670038591229,278966.7509647807,4.899556708766639e-35,2.449856750426512e-35,6.0918396856254044e-05
0.004,14,768,18,1221.19977130695,305299.9428267375,1.1616759322468925e-06,5.80856553681867e-07,8.985485868581112e-05
0.004,14,768,19,1306.1556393329888,326538.9098332472,2.6927712499575453e-33,1.3464287110422202e-33,0.00012334444329609946
0.004,14,768,20,1389.7447724218728,347436.1931054682,5.008472765157054e-07,2.504316521348331e-07,0.00023326326725019376
0.004,14,768,21,1465.3882642168714,366347.06605421787,4.645144689272155e-35,2.3226466699241273e-35,0.00025425310025892575
0.004,14,768,22,1621.5081479832816,405377.0369958204,3.6008211139401624e-07,1.8004681724125295e-07,0.000550305250924558
0.004,14,768,23,1719.772634123633,429943.15853090823,2.7974213987579065e-34,1.3987554599117605e-34,0.00047512226917375904
0.004,14,768,24,2092.477747059313,523119.4367648283,1.691070651826271e-07,8.455623841258969e-08,0.0009300529284810389
0.004,14,768,25,2230.696537285913,557674.1343214783,5.771921874911341e-34,2.886053291899859e-34,0.0007771070467352709
0.004,14,768,26,3453.7321749517646,863433.0437379411,2.923804327661295e-08,1.4619489465712059e-08,0.0015905861734965285
0.004,14,768,27,3692.6118791653885,923152.969791347,3.5137604464958687e-35,1.7569364456639824e-35,0.001462967041227039
0.008,14,768,1,0.008956542356013038,1.1195677945016298,0.9995679740976884,0.49984796963659806,0.9999460401943545
0.008,14,768,2,0.024665684766310383,3.083210595788798,2.3387526120402146e-27,1.1695260101403994e-27,0.9998414826944904
0.008,14,768,3,0.04719765290941194,5.899706613676493,0.0003535748384792604,0.0001768100516505485,0.9996861534431899
0.008,14,768,4,0.07653649251559293,9.567061564449116,5.8297182314604764e-27,2.9152322774040716e-27,0.999481366173435
0.008,14,768,5,0.11268143415941184,14.08517926992648,4.628201006040558e-06,2.3143967552859427e-06,0.9992273904966021
0.008,14,768,6,0.15563687695171186,19.454609618963982,4.431348729419793e-27,2.215958016413728e-27,0.9989242930541175
0.008,14,768,7,0.20540150050241804,25.675187562802254,2.817405246801641e-07,1.4088829661920192e-07,0.9985718637705722
0.008,14,768,8,0.2619959918577418,32.74949898221772,3.417367165995712e-26,1.708902329496595e-26,0.9981698669573315
0.008,14,768,9,0.325416531565018,40.67706644562725,3.4916558690896346e-08,1.746051436281407e-08,0.9977062772431697
0.008,14,768,10,0.3956575676365294,49.45719595456617,1.318252648929952e-26,6.592107061358353e-27,0.9972006588473186
0.008,14,768,11,0.48257968770067966,60.322460962584955,8.018583924091932e-09,4.009805233542132e-09,0.99572790142943
0.008,14,768,12,0.575950401568459,71.99380019605738,2.4392547882780874e-28,1.2197835314279418e-28,0.9945314009797321
0.008,14,768,13,3.5880090561976994,448.50113202471243,8.290147597863335e-10,4.1456044532842656e-10,0.9962243471459341
0.008,14,768,14,225.939909261382,28242.48865767275,3.61271500418783e-05,1.8065887528550186e-05,6.92128953904941e-06
0.008,14,768,15,388.42859035866127,48553.57379483266,1.3679307657446647e-32,6.84052944451463e-33,8.135116966203039e-06
0.008,14,768,16,488.785422511253,61098.17781390662,2.8482105830622263e-05,1.4242876061793357e-05,0.00016678733018889527
0.008,14,768,17,558.0070695493223,69750.88369366528,1.2688025792777393e-34,6.344825059988118e-35,0.0002436990082808539
0.008,14,768,18,610.6444136980211,76330.55171225264,4.646173835455012e-06,2.323384320438327e-06,0.00035948955475025544
0.008,14,768,19,653.0672108806366,81633.40136007957,4.1788031574743025e-33,2.0896690649378475e-33,0.000492893142786643
0.008,14,768,20,694.8640549665482,86858.00687081853,2.0058836394907313e-06,1.003070216842225e-06,0.000934188668480861
0.008,14,768,21,732.4692897987999,91558.66122484999,1.9133413144422505e-33,9.567931306613782e-34,0.0010152493853479178
0.008,14,768,22,810.8208104057687,101352.60130072109,1.4424328383447213e-06,7.213087496471758e-07,0.002201714937180534
0.008,14,768,23,859.3649305141653,107420.61631427066,6.565059256811226e-35,3.2829498594363113e-35,0.0019012950358665893
0.008,14,768,24,1046.4852903399305,130810.66129249132,6.76742523398804e-07,3.384145801519857e-07,0.003717876283933159
0.008,14,768,25,1114.4938825047107,139311.73531308884,2.7445745101359723e-35,1.3724629359461178e-35,0.003111652424061435
0.008,14,768,26,1727.5752108268196,215946.90135335244,1.1686943566075329e-07,5.844219867121657e-08,0.006355203893185105
0.008,14,768,27,1844.9697360148057,230621.21700185072,2.1682092129030657e-34,1.0842433940476026e-34,0.005846146985002041
0.016,14,768,1,0.017926116883810666,1.1203823052381665,0.9993500012457901,0.49993099807417357,0.9997839433055961
0.016,14,768,2,0.049370994273360204,3.0856871420850127,1.4517321904199112e-27,7.262379766731299e-28,0.9993653141065539
0.016,14,768,3,0.09446066658080221,5.903791661300138,0.00035093388076072455,0.00017555683699208995,0.9987438558438362
0.016,14,768,4,0.15315316326847425,9.572072704279641,9.362231472744027e-27,4.6835140026374e-27,0.9979245873778226
0.016,14,768,5,0.2254324815034541,14.08953009396588,4.562678921406685e-06,2.2825082545927967e-06,0.9969089048491859
0.016,14,768,6,0.3112893427488655,19.45558392180409,1.80588260861805e-27,9.034039063448865e-28,0.9956973118886
0.016,14,768,7,0.4106996067067709,25.66872541917318,2.7525812442314e-07,1.37699573422065e-07,0.9942892489591924
0.016,14,768,8,0.5236797759727665,32.729985998297906,2.4121241639049597e-27,1.206679981224364e-27,0.992683838824018
0.016,14,768,9,0.6501903486223306,40.63689678889566,3.372262842955677e-08,1.6869952736735274e-08,0.9908351756542946
0.016,14,768,10,0.7901836804358182,49.38648002723864,2.0338651770011604e-27,1.017453591453407e-27,0.9888146368871347
0.016,14,768,11,0.963104083470575,60.19400521691093,7.627503984202208e-09,3.815705883707787e-09,0.9829761914435713
0.016,14,768,12,1.1500432704382164,71.87770440238853,5.784901329324001e-29,2.893932547880451e-29,0.9781756196035706
0.016,14,768,13,7.103626789457594,443.9766743410996,5.745858901877406e-10,2.8744013328944273e-10,0.9849501051537798
0.016,14,768,14,113.02721365102848,7064.20085318928,0.000144621426157538,7.23477598756374e-05,2.7655443444908335e-05
0.016,14,768,15,194.36328675806752,12147.70542237922,3.8067959549445706e-32,1.90437314138962e-32,3.2564259472222254e-05
0.016,14,768,16,244.56260447199193,15285.162779499495,0.00011394223076605694,5.700030327579151e-05,0.0006676193266159785
0.016,14,768,17,279.15074353138624,17446.92147071164,7.84853731686751e-34,3.9262791708136795e-34,0.0009752002027192067
0.016,14,768,18,305.41121266107285,19088.200791317053,1.8576106437664278e-05,9.292811747772743e-06,0.001439107830144394
0.016,14,768,19,326.51074954006344,20406.921846253965,3.4358784055960612e-34,1.7188193510080062e-34,0.001963481404154564
0.016,14,768,20,347.4163650718445,21713.52281699028,8.063836725213595e-06,4.0339840269352185e-06,0.003754952000668583
0.016,14,768,21,365.7727468461284,22860.796677883027,1.2646367065475081e-33,6.326423076173433e-34,0.004033405654855037
0.016,14,768,22,405.5462424178965,25346.640151118532,5.803336977702958e-06,2.9031550946185784e-06,0.00881440969033628
0.016,14,768,23,428.6329200746785,26789.557504667406,1.730830027785591e-33,8.65858390162528e-34,0.007620924800029322
0.016,14,768,24,523.7381772782461,32733.63607989038,2.711921484397602e-06,1.35665543873876e-06,0.014833633645850879
0.016,14,768,25,555.5643466564205,34722.77166602628,4.4394037472366595e-34,2.2208390888513035e-34,0.012496548239063517
0.016,14,768,26,865.2066916513104,54075.4182282069,4.6615313540814756e-07,2.331959793360558e-07,0.025305689303688098
0.016,14,768,27,919.8799493847947,57492.49683654967,1.7678554152732276e-35,8.843805684761342e-36,0.023290805008434994
0.032,14,768,1,0.03595683359859419,1.1236510499560683,0.9984750815465677,0.5002626042271686,0.9991322866477269
0.032,14,768,2,0.09905998193355688,3.095624435423652,2.1710737396675947e-29,1.0877657570512682e-29,0.9974513722351313
0.032,14,768,3,0.18944554720692128,5.92017335021629,0.0003404487559219764,0.00017057389251980484,0.9949632947593376
0.032,14,768,4,0.3069483619085178,9.592136309641182,7.231777091341386e-27,3.6233128976049376e-27,0.9916843636895276
0.032,14,768,5,0.4514200012115933,14.106875037862292,4.306006236810459e-06,2.157423789193245e-06,0.9876252784334314
0.032,14,768,6,0.622696479838241,19.45926499494503,1.4933242166717706e-26,7.48195198252301e-27,0.9827918878586647
0.032,14,768,7,0.8205568431517887,25.642401348493397,2.5025069038871414e-07,1.2538225980521503e-07,0.9771865003526572
0.032,14,768,8,1.0448339960984379,32.65106237807618,7.627601655547975e-27,3.821631544676589e-27,0.9708066155318107
0.032,14,768,9,1.295195377861879,40.47485555818372,2.9205060101701375e-08,1.4632512811895052e-08,0.9635044696850213
0.032,14,768,10,1.5713046751094215,49.10327109716942,9.185390604803994e-28,4.602125290583632e-28,0.955439310731347
0.032,14,768,11,1.9096791789730119,59.67747434290662,6.186647697400001e-09,3.0996752405112436e-09,0.9329491644271765
0.032,14,768,12,2.286422151564029,71.4506922363759,8.395048697823202e-30,4.206142949187927e-30,0.9135627910683826
0.032,14,768,13,13.642149526507534,426.3171727033604,2.6488134327540907e-11,1.3271260650080294e-11,0.9407343493553443
0.032,14,768,14,56.62846854928006,1769.6396421650018,0.000580295934556592,0.00029074371590131673,0.00011014702201158956
0.032,14,768,15,97.48070392801652,3046.271997750516,1.461445792773316e-33,7.322232589892832e-34,0.00013063885721999188
0.032,14,768,16,122.62228509662513,3831.9464092695353,0.0004559847114080245,0.00022846048282288895,0.002678015926420636
0.032,14,768,17,139.87037073672604,4370.949085522689,1.2096715375820442e-33,6.060776526470111e-34,0.003907084174839428
0.032,14,768,18,152.88322277343266,4777.600711669771,7.416013711449845e-05,3.71562035031243e-05,0.005776687866452274
0.032,14,768,19,163.1945563715225,5099.829886610079,1.550149459285827e-32,7.766661580001559e-33,0.007700726575119914
0.032,14,768,20,173.68498306372712,5427.655720741473,3.2924985932419547e-05,1.649629471091302e-05,0.01531224899568375
0.032,14,768,21,181.85723857678417,5683.0387055245055,7.055288991909406e-32,3.5348876600915584e-32,0.01575275275210598
0.032,14,768,22,203.06312126789553,6345.722539621735,2.3746593849476696e-05,1.1897675866145319e-05,0.035356032447612776
0.032,14,768,23,212.18084901758112,6630.65153179941,3.3497014807128355e-33,1.6782896409687234e-33,0.03090417953673809
0.032,14,768,24,262.8801974970157,8215.006171781739,1.0922205879431856e-05,5.4723159927902916e-06,0.05869697826080578
0.032,14,768,25,274.63683425114107,8582.401070348158,2.445625789118659e-34,1.2253236448671095e-34,0.05065806754830418
0.032,14,768,26,435.44435723291116,13607.636163528474,1.8434536470589655e-06,9.236193664656608e-07,0.09932652532240194
0.032,14,768,27,455.24292493706844,14226.341404283388,1.763547508605714e-33,8.835842632816701e-34,0.09153411019218832
0.008,8,768,1,0.008956560349436767,1.119570043679596,0.9995677690193139,0.4998478670842837,0.9999460406406264
0.008,8,768,2,0.0246662374077611,3.0832796759701373,1.9172239568244583e-30,9.5873470038136e-31,0.9998414899564969
0.008,8,768,3,0.047199554272591863,5.899944284073983,0.00035374356571075727,0.00017689442606656783,0.9996862148016429
0.008,8,768,4,0.07654897457360002,9.568621821700003,6.2301785724402095e-30,3.1154880814572103e-30,0.999482568067514
0.008,8,768,5,0.11351198262353969,14.18899782794246,4.873153345451016e-06,2.436888604449656e-06,0.9991242012984547
0.008,8,768,6,0.15839701438630427,19.799626798288035,1.1747060457647066e-30,5.874282161004293e-31,0.9986702688937041
0.008,8,768,7,0.9537758002247665,119.22197502809581,1.1420162157184137e-07,5.71081208593356e-08,0.9991832649324316
0.008,8,768,8,225.94007168121837,28242.508960152296,3.6126570826273815e-05,1.8065597883672215e-05,6.922691752922895e-06
0.008,8,768,9,388.42885825424025,48553.60728178003,1.294574837501089e-32,6.473702847989682e-33,8.122511505982452e-06
0.008,8,768,10,488.96968247333433,61121.21030916679,2.8669115525040444e-05,1.4336392879538213e-05,0.00017321924153881706
0.008,8,768,11,559.3339835298805,69916.74794123505,9.227360647742732e-36,4.614270969457939e-36,0.00024744203433763447
0.008,8,768,12,638.7772110701221,79847.15138376526,6.945904628386961e-06,3.4733969232285155e-06,0.0006057846792373284
0.008,8,768,13,705.3195743776151,88164.94679720189,1.8832397071582988e-35,9.417404002082404e-36,0.000559534650442391
0.008,8,768,14,1010.5909510584113,126323.86888230141,1.7584690273225582e-06,8.793470736889797e-07,0.001722433651094472
0.008,8,768,15,1128.4678312775338,141058.47890969174,1.9441255260446225e-35,9.721872069673936e-36,0.0015746399470026708
0.008,20,768,1,0.00895654128036375,1.1195676600454687,0.9995679866995238,0.4998479759383224,0.9999460401735274
0.008,20,768,2,0.024665660158118413,3.0832075197648017,4.523247762487571e-27,2.261913415426948e-27,0.9998414823817134
0.008,20,768,3,0.04719755225225846,5.899694031532308,0.0003535652257642059,0.00017680524467770904,0.9996861522904716
0.008,20,768,4,0.07653591599461876,9.566989499327345,1.0578848310612648e-25,5.290101309945036e-26,0.9994813595417538
0.008,20,768,5,0.11268024055110627,14.085030068888283,4.626399314201786e-06,2.313495794039827e-06,0.9992273752293808
0.008,20,768,6,0.1556322020067338,19.454025250841724,2.552904214709971e-25,1.276615519371154e-25,0.9989242199926399
0.008,20,768,7,0.20539354731176637,25.674193413970794,2.810942214554379e-07,1.4056510363681313e-07,0.9985718365516331
0.008,20,768,8,0.26196713271044464,32.74589158880558,2.7522358208634083e-26,1.3762940817121883e-26,0.9981701884048491
0.008,20,768,9,0.32535150244729205,40.668937805911504,3.463776880506993e-08,1.732110157449285e-08,0.9977192032147284
0.008,20,768,10,0.39555195928931647,49.44399491116456,2.698753200743891e-26,1.349549348216982e-26,0.997218910973306
0.008,20,768,11,0.4725590112497488,59.0698764062186,6.4129289970378205e-09,3.20687499165489e-09,0.996669224823903
0.008,20,768,12,0.5563885842190021,69.54857302737526,9.39134899217035e-28,4.696275638605333e-28,0.9960705929746301
0.008,20,768,13,0.6470251314830904,80.8781414353863,1.558969459647798e-09,7.795845198360265e-10,0.9954188478039933
0.008,20,768,14,0.7445336630171672,93.06670787714589,6.026641183160607e-26,3.0137063583398986e-26,0.9947141723309059
0.008,20,768,15,0.849395373617423,106.17442170217788,4.620708224331313e-10,2.310649884816551e-10,0.9937917937257865
0.008,20,768,16,0.9607540071407209,120.09425089259011,2.2552497538040063e-26,1.1277692359841454e-26,0.9929003125523967
0.008,20,768,17,1.115542349152937,139.44279364411713,2.2880227967129212e-10,1.1441578552490052e-10,0.9891106656696913
0.008,20,768,18,1.2632488841953584,157.9061105244198,2.3136901322672434e-28,1.1569931659985225e-28,0.9869553368361133
0.008,20,768,19,8.162059797844142,1020.2574747305177,3.407419046512917e-11,1.7039276329736635e-11,0.9911075739125249
0.008,20,768,20,225.93990142819405,28242.487678524256,3.612717470348892e-05,1.8065899860934093e-05,6.921124298070436e-06
0.008,20,768,21,388.42856218214973,48553.57027276872,1.341905017093605e-32,6.71038404211468e-33,8.134940576036318e-06
0.008,20,768,22,488.7853639717606,61098.17049647008,2.8482195671383084e-05,1.4242920987924496e-05,0.00016678922958011333
0.008,20,768,23,558.0069877001699,69750.87346252124,8.860837503537798e-33,4.430985936120373e-33,0.00024370452017303374
0.008,20,768,24,610.5775366643853,76322.19208304817,4.62730837120277e-06,2.313950380729277e-06,0.000352017513504838
0.008,20,768,25,652.6692486320803,81583.65607901003,4.2444699086505125e-33,2.122506643870576e-33,0.00047948529598878283
0.008,20,768,26,687.7600484790793,85970.00605988491,1.5917616187800179e-06,7.959826984361728e-07,0.0006437656974034268
0.008,20,768,27,717.851408197626,89731.42602470325,6.574568748729371e-33,3.2877052141002616e-33,0.000834864265615921
0.008,20,768,28,746.7764462919722,93347.05578649652,8.758969559330501e-07,4.3800454434249803e-07,0.0013404104730677189
0.008,20,768,29,773.3424305137966,96667.80381422456,1.6541340494513532e-33,8.271729062462116e-34,0.0015549307736938108
0.008,20,768,30,816.1899030526055,102023.73788157568,7.528476050801264e-07,3.7647199249733027e-07,0.0029255898760743022
0.008,20,768,31,847.4453129495433,105930.66411869292,1.6481381708782494e-33,8.241745831620223e-34,0.0027681901825095663
0.008,20,768,32,926.6543746281291,115831.79682851613,5.712013433319009e-07,2.8563723440207434e-07,0.004851879952633805
0.008,20,768,33,965.3754594844092,120671.93243555115,1.2044682904363071e-35,6.023112435247086e-36,0.004227761051586047
0.008,20,768,34,1113.48076222022,139185.0952775275,3.241208072054714e-07,1.620811506539891e-07,0.006884065016352612
0.008,20,768,35,1162.7004356878028,145337.55446097534,9.33486699317448e-35,4.668031023680983e-35,0.005928706789584469
0.008,20,768,36,1466.9244811712708,183365.56014640885,1.250066149061465e-07,6.251130915672454e-08,0.0090976578021846
0.008,20,768,37,1534.1131277896764,191764.14097370955,2.7995284368961365e-34,1.3999434169403416e-34,0.007982405523190942
0.008,20,768,38,2450.681354393238,306335.1692991548,1.9732868648675443e-08,9.867697430032048e-09,0.01369841934350104
0.008,20,768,39,2565.5018954809225,320687.7369351153,9.293744653748698e-36,4.6474672217172e-36,0.012847454217241688
0.008,14,384,1,0.008956502084294127,1.119562760536766,0.999567983645872,0.499847974411301,0.9999460401106275
0.008,14,384,2,0.024665549628110756,3.0831937035138446,1.7512616897560646e-27,8.757429435623124e-28,0.9998414827107934
0.008,14,384,3,0.04719735368910354,5.899669211137943,0.000353565840904475,0.00017680555228721885,0.9996861538840087
0.008,14,384,4,0.07653594451032436,9.566993063790544,1.9807929539991166e-27,9.905232680355715e-28,0.9994813675195452
0.008,14,384,5,0.1126805360597303,14.085067007466288,4.627960114492234e-06,2.3142762940922544e-06,0.9992273934069027
0.008,14,384,6,0.15563550737653278,19.4544384220666,7.959807106471847e-27,3.98041306241378e-27,0.9989242983546635
0.008,14,384,7,0.2053995209211937,25.674940115149212,2.8171538941811946e-07,1.408757273792654e-07,0.9985718725575597
0.008,14,384,8,0.2619932322468185,32.74915403085231,3.4512016676712513e-26,1.7258217460889991e-26,0.9981698806380448
0.008,14,384,9,0.325412803801157,40.676600475144625,3.491168101625207e-08,1.7458075213270797e-08,0.997706300903561
0.008,14,384,10,0.39565265901859525,49.45658237732441,1.1864266694719501e-26,5.93289278194009e-27,0.9972006915610155
0.008,14,384,11,0.48257195818968807,60.32149477371101,8.016745629884781e-09,4.0088859687689e-09,0.9957280188709886
0.008,14,384,12,0.5759394205420522,71.99242756775652,2.3680177899330414e-28,1.184160472357927e-28,0.9945315800995358
0.008,14,384,13,3.587448063525207,448.4310079406509,8.286254215167574e-10,4.143657512720017e-10,0.996224779889444
0.008,14,384,14,225.93946956864113,28242.43369608014,3.612691798400168e-05,1.8065771484757796e-05,6.9213931877553e-06
0.008,14,384,15,388.42637353879417,48553.29669234927,1.130700385162924e-32,5.654225689865607e-33,8.135462987720257e-06
0.008,14,384,16,488.7797413216691,61097.46766520864,2.8481613269157327e-05,1.424262974953191e-05,0.00016678672740290032
0.008,14,384,17,557.9957834987833,69749.47293734792,1.3383166765397782e-33,6.6924400424400805e-34,0.00024369426147170692
0.008,14,384,18,610.6251291904043,76328.14114880054,4.645942933409622e-06,2.3232688546355366e-06,0.0003594802244463925
0.008,14,384,19,653.0376375492707,81629.70469365883,1.6577374186506576e-33,8.289748214983977e-34,0.0004928675170623594
0.008,14,384,20,694.8262749340988,86853.28436676235,2.006079547959242e-06,1.0031681836166288e-06,0.0009342633343992583
0.008,14,384,21,732.4216461474704,91552.70576843379,9.43641916777691e-34,4.718813611361453e-34,0.0010152580220422081
0.008,14,384,22,810.7694899402186,101346.18624252733,1.4427436851909817e-06,7.214641929676878e-07,0.002201754810612634
0.008,14,384,23,859.3030879055917,107412.88598819896,3.952386034260277e-34,1.976446010316022e-34,0.0019013093828545453
0.008,14,384,24,1046.4054168598352,130800.6771074794,6.768853863140702e-07,3.384860207543086e-07,0.0037177835947225075
0.008,14,384,25,1114.396906981743,139299.6133727179,8.987656675192226e-35,4.4944036396734344e-35,0.003111683922711913
0.008,14,384,26,1727.3060059980303,215913.2507497538,1.1689786031400673e-07,5.845641281731222e-08,0.006354605972641967
0.008,14,384,27,1844.641026977785,230580.12837222312,1.501911293805731e-34,7.510517846079987e-35,0.005845890352007761
0.008,14,1536,1,0.008956552423950024,1.119569052993753,0.9995679717107071,0.4998479684429546,0.9999460402152843
0.008,14,1536,2,0.024665718550244357,3.0832148187805446,3.1596975104492265e-27,1.5800510082263867e-27,0.9998414826904142
0.008,14,1536,3,0.04719772771174135,5.899715963967669,0.0003535770878154848,0.00017681117646264126,0.9996861533329812
0.008,14,1536,4,0.07653662950911025,9.56707868863878,1.5193598482469082e-26,7.597771787147768e-27,0.9994813658368958
0.008,14,1536,5,0.11268165866622598,14.085207333278248,4.628261223461113e-06,2.314426867850752e-06,0.9992273897690149
0.008,14,1536,6,0.15563721930749552,19.45465241343694,1.2620436871461776e-26,6.3110262729471105e-27,0.9989242917289538
0.008,14,1536,7,0.20540199532665093,25.675249415831367,2.8174680692481143e-07,1.4089143814365357e-07,0.9985718615737854
0.008,14,1536,8,0.26199668163063716,32.749585203829646,4.222514586438926e-28,2.1115275773992983e-28,0.9981698635371286
0.008,14,1536,9,0.32541746329497495,40.67718291187187,3.49177774746128e-08,1.7461123832686935e-08,0.9977062713279822
0.008,14,1536,10,0.3956587944557096,49.4573493069637,2.1286505982868523e-28,1.0644615545830076e-28,0.9972006506662174
0.008,14,1536,11,0.48258161935966604,60.322702419958254,8.019043024327753e-09,4.01003481304716e-09,0.9957278720747903
0.008,14,1536,12,0.5759531449666957,71.99414312083697,1.0466671173882152e-29,5.234005561094138e-30,0.9945313562355887
0.008,14,1536,13,3.5881492243826187,448.51865304782734,8.291118239909617e-10,4.1460898364384385e-10,0.9962242390968469
0.008,14,1536,14,225.94001918451852,28242.502398064815,3.6127208056081235e-05,1.806591653936516e-05,6.9212636271007575e-06
0.008,14,1536,15,388.42914456118916,48553.643070148646,3.217952025212183e-32,1.6091819944934432e-32,8.135030466174088e-06
0.008,14,1536,16,488.7868427848238,61098.355348102974,2.848222895505531e-05,1.4242937631891105e-05,0.00016678748086027784
0.008,14,1536,17,558.0098909455869,69751.23636819836,7.116245073787425e-35,3.558578049461852e-35,0.00024370019466162543
0.008,14,1536,18,610.6492344575347,76331.15430719184,4.646231523339414e-06,2.323413168073144e-06,0.00035949188707696167
0.008,14,1536,19,653.074603371459,81634.32542143238,1.5862793771184003e-32,7.932412266857495e-33,0.0004928995468155464
0.008,14,1536,20,694.8734990615059,86859.18738268824,2.0058346744001266e-06,1.0030457311626555e-06,0.000934170010194096
0.008,14,1536,21,732.481199494194,91560.14993677425,1.887933829193716e-34,9.440877616978357e-35,0.0010152472253438542
0.008,14,1536,22,810.833639203059,101354.20490038236,1.4423551486878431e-06,7.21269899845803e-07,0.0022017049694410752
0.008,14,1536,23,859.3803892832282,107422.54866040352,2.3990601830742274e-33,1.1996836559596121e-33,0.0019012914480677154
0.008,14,1536,24,1046.505255477892,130813.1569347365,6.767068196486822e-07,3.383967259915191e-07,0.0037178994686757746
0.008,14,1536,25,1114.5181217842542,139314.76522303178,1.1523793810137784e-35,5.7626345458975513e-36,0.0031116445853467956
0.008,14,1536,26,1727.6424775582655,215955.30969478318,1.1686233675746365e-07,5.843864876516923e-08,0.006355353209953026
0.008,14,1536,27,1845.0518650358213,230631.48312947765,3.6553817089695794e-34,1.827924836351985e-34,0.0058462110788308815
