d,epsilon,M,n,convention,eigen_index,ritz,energy_residual
0.004,0.992,14,768,ALS_q_entropy,1,0.004477457333359718,4.440892098500626e-16
0.004,0.992,14,768,ALS_q_entropy,2,0.012330367775069932,4.440892098500626e-16
0.004,0.992,14,768,ALS_q_entropy,3,0.023594743994433735,4.440892098500626e-16
0.004,0.992,14,768,ALS_q_entropy,4,0.0382632363135311,4.440892098500626e-16
0.004,0.992,14,768,ALS_q_entropy,5,0.056336362641037474,4.440892098500626e-16
0.004,0.992,14,768,ALS_q_entropy,6,0.07781745074546526,4.440892098500626e-16
0.004,0.992,14,768,ALS_q_entropy,7,0.10270718282630964,4.440892098500626e-16
0.004,0.992,14,768,ALS_q_entropy,8,0.13101745473166038,4.440892098500626e-16
0.004,0.992,14,768,ALS_q_entropy,9,0.16274835052440753,4.440892098500626e-16
0.004,0.992,14,768,ALS_q_entropy,10,0.19789948267458737,4.440892098500626e-16
0.004,0.992,14,768,ALS_q_entropy,11,0.24141812804526236,4.440892098500626e-16
0.004,0.992,14,768,ALS_q_entropy,12,0.2880935720045451,4.440892098500626e-16
0.004,0.992,14,768,ALS_q_entropy,13,1.7985563020639979,4.440892098500626e-16
0.004,0.992,14,768,ALS_q_entropy,14,451.8226023089821,4.440892098500626e-16
0.004,0.992,14,768,ALS_q_entropy,15,776.7083233090085,4.440892098500626e-16
0.004,0.992,14,768,ALS_q_entropy,16,977.4011008790562,4.440892098500626e-16
0.004,0.992,14,768,ALS_q_entropy,17,1115.8670038591233,4.440892098500626e-16
0.004,0.992,14,768,ALS_q_entropy,18,1221.1997713069504,4.440892098500626e-16
0.004,0.992,14,768,ALS_q_entropy,19,1306.1556393329881,4.440892098500626e-16
0.004,0.992,14,768,ALS_q_entropy,20,1389.7447724218723,4.440892098500626e-16
0.004,0.992,14,768,ALS_q_entropy,21,1465.3882642168703,4.440892098500626e-16
0.004,0.992,14,768,ALS_q_entropy,22,1621.5081479832816,4.440892098500626e-16
0.004,0.992,14,768,ALS_q_entropy,23,1719.772634123633,4.440892098500626e-16
0.004,0.992,14,768,ALS_q_entropy,24,2092.4777470593112,4.440892098500626e-16
0.004,0.992,14,768,ALS_q_entropy,25,2230.696537285914,4.440892098500626e-16
0.004,0.992,14,768,ALS_q_entropy,26,3453.732174951764,4.440892098500626e-16
0.004,0.992,14,768,ALS_q_entropy,27,3692.611879165387,4.440892098500626e-16
0.008,0.984,14,768,ALS_q_entropy,1,0.00895654235601308,5.551115123125783e-16
0.008,0.984,14,768,ALS_q_entropy,2,0.024665684766338694,5.551115123125783e-16
0.008,0.984,14,768,ALS_q_entropy,3,0.04719765290941195,5.551115123125783e-16
0.008,0.984,14,768,ALS_q_entropy,4,0.07653649251579678,5.551115123125783e-16
0.008,0.984,14,768,ALS_q_entropy,5,0.11268143415941186,5.551115123125783e-16
0.008,0.984,14,768,ALS_q_entropy,6,0.15563687695187473,5.551115123125783e-16
0.008,0.984,14,768,ALS_q_entropy,7,0.2054015005024181,5.551115123125783e-16
0.008,0.984,14,768,ALS_q_entropy,8,0.2619959918578315,5.551115123125783e-16
0.008,0.984,14,768,ALS_q_entropy,9,0.32541653156501793,5.551115123125783e-16
0.008,0.984,14,768,ALS_q_entropy,10,0.39565756763671844,5.551115123125783e-16
0.008,0.984,14,768,ALS_q_entropy,11,0.4825796877006798,5.551115123125783e-16
0.008,0.984,14,768,ALS_q_entropy,12,0.5759504015680716,5.551115123125783e-16
0.008,0.984,14,768,ALS_q_entropy,13,3.588009056197699,5.551115123125783e-16
0.008,0.984,14,768,ALS_q_entropy,14,225.9399092613821,5.551115123125783e-16
0.008,0.984,14,768,ALS_q_entropy,15,388.42859035866144,5.551115123125783e-16
0.008,0.984,14,768,ALS_q_entropy,16,488.78542251125276,5.551115123125783e-16
0.008,0.984,14,768,ALS_q_entropy,17,558.0070695493222,5.551115123125783e-16
0.008,0.984,14,768,ALS_q_entropy,18,610.6444136980214,5.551115123125783e-16
0.008,0.984,14,768,ALS_q_entropy,19,653.0672108806367,5.551115123125783e-16
0.008,0.984,14,768,ALS_q_entropy,20,694.8640549665482,5.551115123125783e-16
0.008,0.984,14,768,ALS_q_entropy,21,732.4692897987998,5.551115123125783e-16
0.008,0.984,14,768,ALS_q_entropy,22,810.8208104057685,5.551115123125783e-16
0.008,0.984,14,768,ALS_q_entropy,23,859.3649305141645,5.551115123125783e-16
0.008,0.984,14,768,ALS_q_entropy,24,1046.485290339929,5.551115123125783e-16
0.008,0.984,14,768,ALS_q_entropy,25,1114.4938825047118,5.551115123125783e-16
0.008,0.984,14,768,ALS_q_entropy,26,1727.5752108268196,5.551115123125783e-16
0.008,0.984,14,768,ALS_q_entropy,27,1844.9697360148057,5.551115123125783e-16
0.016,0.968,14,768,ALS_q_entropy,1,0.017926116883810708,4.440892098500626e-16
0.016,0.968,14,768,ALS_q_entropy,2,0.04937099427328308,4.440892098500626e-16
0.016,0.968,14,768,ALS_q_entropy,3,0.09446066658080232,4.440892098500626e-16
0.016,0.968,14,768,ALS_q_entropy,4,0.1531531632682909,4.440892098500626e-16
0.016,0.968,14,768,ALS_q_entropy,5,0.2254324815034541,4.440892098500626e-16
0.016,0.968,14,768,ALS_q_entropy,6,0.31128934274880316,4.440892098500626e-16
0.016,0.968,14,768,ALS_q_entropy,7,0.41069960670677064,4.440892098500626e-16
0.016,0.968,14,768,ALS_q_entropy,8,0.5236797759727939,4.440892098500626e-16
0.016,0.968,14,768,ALS_q_entropy,9,0.6501903486223307,4.440892098500626e-16
0.016,0.968,14,768,ALS_q_entropy,10,0.7901836804358254,4.440892098500626e-16
0.016,0.968,14,768,ALS_q_entropy,11,0.9631040834705751,4.440892098500626e-16
0.016,0.968,14,768,ALS_q_entropy,12,1.150043270438279,4.440892098500626e-16
0.016,0.968,14,768,ALS_q_entropy,13,7.103626789457593,4.440892098500626e-16
0.016,0.968,14,768,ALS_q_entropy,14,113.02721365102846,4.440892098500626e-16
0.016,0.968,14,768,ALS_q_entropy,15,194.36328675806715,4.440892098500626e-16
0.016,0.968,14,768,ALS_q_entropy,16,244.56260447199182,4.440892098500626e-16
0.016,0.968,14,768,ALS_q_entropy,17,279.15074353138624,4.440892098500626e-16
0.016,0.968,14,768,ALS_q_entropy,18,305.41121266107297,4.440892098500626e-16
0.016,0.968,14,768,ALS_q_entropy,19,326.5107495400633,4.440892098500626e-16
0.016,0.968,14,768,ALS_q_entropy,20,347.41636507184455,4.440892098500626e-16
0.016,0.968,14,768,ALS_q_entropy,21,365.77274684612854,4.440892098500626e-16
0.016,0.968,14,768,ALS_q_entropy,22,405.5462424178968,4.440892098500626e-16
0.016,0.968,14,768,ALS_q_entropy,23,428.63292007467845,4.440892098500626e-16
0.016,0.968,14,768,ALS_q_entropy,24,523.7381772782463,4.440892098500626e-16
0.016,0.968,14,768,ALS_q_entropy,25,555.5643466564205,4.440892098500626e-16
0.016,0.968,14,768,ALS_q_entropy,26,865.2066916513105,4.440892098500626e-16
0.016,0.968,14,768,ALS_q_entropy,27,919.8799493847953,4.440892098500626e-16
0.032,0.9359999999999999,14,768,ALS_q_entropy,1,0.03595683359859441,4.440892098500626e-16
0.032,0.9359999999999999,14,768,ALS_q_entropy,2,0.0990599819335558,4.440892098500626e-16
0.032,0.9359999999999999,14,768,ALS_q_entropy,3,0.18944554720692133,4.440892098500626e-16
0.032,0.9359999999999999,14,768,ALS_q_entropy,4,0.30694836190849345,4.440892098500626e-16
0.032,0.9359999999999999,14,768,ALS_q_entropy,5,0.4514200012115933,4.440892098500626e-16
0.032,0.9359999999999999,14,768,ALS_q_entropy,6,0.6226964798382278,4.440892098500626e-16
0.032,0.9359999999999999,14,768,ALS_q_entropy,7,0.8205568431517888,4.440892098500626e-16
0.032,0.9359999999999999,14,768,ALS_q_entropy,8,1.0448339960984376,4.440892098500626e-16
0.032,0.9359999999999999,14,768,ALS_q_entropy,9,1.2951953778618792,4.440892098500626e-16
0.032,0.9359999999999999,14,768,ALS_q_entropy,10,1.5713046751094306,4.440892098500626e-16
0.032,0.9359999999999999,14,768,ALS_q_entropy,11,1.9096791789730114,4.440892098500626e-16
0.032,0.9359999999999999,14,768,ALS_q_entropy,12,2.286422151563981,4.440892098500626e-16
0.032,0.9359999999999999,14,768,ALS_q_entropy,13,13.642149526507533,4.440892098500626e-16
0.032,0.9359999999999999,14,768,ALS_q_entropy,14,56.62846854928002,4.440892098500626e-16
0.032,0.9359999999999999,14,768,ALS_q_entropy,15,97.48070392801642,4.440892098500626e-16
0.032,0.9359999999999999,14,768,ALS_q_entropy,16,122.62228509662509,4.440892098500626e-16
0.032,0.9359999999999999,14,768,ALS_q_entropy,17,139.87037073672593,4.440892098500626e-16
0.032,0.9359999999999999,14,768,ALS_q_entropy,18,152.88322277343283,4.440892098500626e-16
0.032,0.9359999999999999,14,768,ALS_q_entropy,19,163.1945563715224,4.440892098500626e-16
0.032,0.9359999999999999,14,768,ALS_q_entropy,20,173.6849830637272,4.440892098500626e-16
0.032,0.9359999999999999,14,768,ALS_q_entropy,21,181.85723857678397,4.440892098500626e-16
0.032,0.9359999999999999,14,768,ALS_q_entropy,22,203.06312126789553,4.440892098500626e-16
0.032,0.9359999999999999,14,768,ALS_q_entropy,23,212.18084901758107,4.440892098500626e-16
0.032,0.9359999999999999,14,768,ALS_q_entropy,24,262.8801974970158,4.440892098500626e-16
0.032,0.9359999999999999,14,768,ALS_q_entropy,25,274.636834251141,4.440892098500626e-16
0.032,0.9359999999999999,14,768,ALS_q_entropy,26,435.44435723291133,4.440892098500626e-16
0.032,0.9359999999999999,14,768,ALS_q_entropy,27,455.2429249370681,4.440892098500626e-16
0.064,0.872,14,768,ALS_q_entropy,1,0.07276158419135352,5.551115123125783e-16
0.064,0.872,14,768,ALS_q_entropy,2,0.20069618646118112,5.551115123125783e-16
0.064,0.872,14,768,ALS_q_entropy,3,0.38312770976729177,5.551115123125783e-16
0.064,0.872,14,768,ALS_q_entropy,4,0.6190521807983395,5.551115123125783e-16
0.064,0.872,14,768,ALS_q_entropy,5,0.9072184001324958,5.551115123125783e-16
0.064,0.872,14,768,ALS_q_entropy,6,1.2461086546446418,5.551115123125783e-16
0.064,0.872,14,768,ALS_q_entropy,7,1.6338779682391977,5.551115123125783e-16
0.064,0.872,14,768,ALS_q_entropy,8,2.068552292922633,5.551115123125783e-16
0.064,0.872,14,768,ALS_q_entropy,9,2.5474973033534174,5.551115123125783e-16
0.064,0.872,14,768,ALS_q_entropy,10,3.0693407919209386,5.551115123125783e-16
0.064,0.872,14,768,ALS_q_entropy,11,3.68452735251861,5.551115123125783e-16
0.064,0.872,14,768,ALS_q_entropy,12,4.505547566436798,5.551115123125783e-16
0.064,0.872,14,768,ALS_q_entropy,13,23.21252560017034,5.551115123125783e-16
0.064,0.872,14,768,ALS_q_entropy,14,28.546747870295754,5.551115123125783e-16
0.064,0.872,14,768,ALS_q_entropy,15,49.34722305797706,5.551115123125783e-16
0.064,0.872,14,768,ALS_q_entropy,16,62.00280368476483,5.551115123125783e-16
0.064,0.872,14,768,ALS_q_entropy,17,70.52954119846828,5.551115123125783e-16
0.064,0.872,14,768,ALS_q_entropy,18,76.79403964415522,5.551115123125783e-16
0.064,0.872,14,768,ALS_q_entropy,19,81.23079340312067,5.551115123125783e-16
0.064,0.872,14,768,ALS_q_entropy,20,86.86386343570005,5.551115123125783e-16
0.064,0.872,14,768,ALS_q_entropy,21,87.91196367666086,5.551115123125783e-16
0.064,0.872,14,768,ALS_q_entropy,22,102.18002992348424,5.551115123125783e-16
0.064,0.872,14,768,ALS_q_entropy,23,102.23787336039621,5.551115123125783e-16
0.064,0.872,14,768,ALS_q_entropy,24,132.86875081325735,5.551115123125783e-16
0.064,0.872,14,768,ALS_q_entropy,25,133.57065931259802,5.551115123125783e-16
0.064,0.872,14,768,ALS_q_entropy,26,221.5578002544274,5.551115123125783e-16
0.064,0.872,14,768,ALS_q_entropy,27,223.303560215461,5.551115123125783e-16
0.1,0.8,14,768,ALS_q_entropy,1,0.1163170672943372,5.551115123125783e-16
0.1,0.8,14,768,ALS_q_entropy,2,0.3215579732799973,5.551115123125783e-16
0.1,0.8,14,768,ALS_q_entropy,3,0.6116676253387869,5.551115123125783e-16
0.1,0.8,14,768,ALS_q_entropy,4,0.9828794901722366,5.551115123125783e-16
0.1,0.8,14,768,ALS_q_entropy,5,1.4302048272128416,5.551115123125783e-16
0.1,0.8,14,768,ALS_q_entropy,6,1.947512327466335,5.551115123125783e-16
0.1,0.8,14,768,ALS_q_entropy,7,2.5275516956404647,5.551115123125783e-16
0.1,0.8,14,768,ALS_q_entropy,8,3.1620553277411276,5.551115123125783e-16
0.1,0.8,14,768,ALS_q_entropy,9,3.841510609296828,5.551115123125783e-16
0.1,0.8,14,768,ALS_q_entropy,10,4.561381934758771,5.551115123125783e-16
0.1,0.8,14,768,ALS_q_entropy,11,5.33796054485999,5.551115123125783e-16
0.1,0.8,14,768,ALS_q_entropy,12,7.173899718743464,5.551115123125783e-16
0.1,0.8,14,768,ALS_q_entropy,13,18.564211484910068,5.551115123125783e-16
0.1,0.8,14,768,ALS_q_entropy,14,27.002714460533504,5.551115123125783e-16
0.1,0.8,14,768,ALS_q_entropy,15,32.35477535727203,5.551115123125783e-16
0.1,0.8,14,768,ALS_q_entropy,16,40.561290805917054,5.551115123125783e-16
0.1,0.8,14,768,ALS_q_entropy,17,45.87404983791642,5.551115123125783e-16
0.1,0.8,14,768,ALS_q_entropy,18,48.485953741163364,5.551115123125783e-16
0.1,0.8,14,768,ALS_q_entropy,19,49.57837578040943,5.551115123125783e-16
0.1,0.8,14,768,ALS_q_entropy,20,53.50027119222886,5.551115123125783e-16
0.1,0.8,14,768,ALS_q_entropy,21,55.81490440266593,5.551115123125783e-16
0.1,0.8,14,768,ALS_q_entropy,22,63.48789054072065,5.551115123125783e-16
0.1,0.8,14,768,ALS_q_entropy,23,66.51812435746204,5.551115123125783e-16
0.1,0.8,14,768,ALS_q_entropy,24,83.45015342931701,5.551115123125783e-16
0.1,0.8,14,768,ALS_q_entropy,25,88.06321113293572,5.551115123125783e-16
0.1,0.8,14,768,ALS_q_entropy,26,140.22756380280524,5.551115123125783e-16
0.1,0.8,14,768,ALS_q_entropy,27,148.7643563715443,5.551115123125783e-16
