d,epsilon,M,n,trial,convention,quotient
0.004,0.992,14,768,sin2,ALS_q_entropy,0.01867719050783999
0.004,0.992,14,768,cos3,ALS_q_entropy,0.0681862817557138
0.004,0.992,14,768,sin1,ALS_q_entropy,455.9640578873125
0.008,0.984,14,768,sin2,ALS_q_entropy,0.037364794460063966
0.008,0.984,14,768,cos3,ALS_q_entropy,0.13640598106966784
0.008,0.984,14,768,sin1,ALS_q_entropy,228.0106092330423
0.016,0.968,14,768,sin2,ALS_q_entropy,0.0748129920743624
0.016,0.968,14,768,cos3,ALS_q_entropy,0.27307959174409574
0.016,0.968,14,768,sin1,ALS_q_entropy,114.06251178586625
0.032,0.9359999999999999,14,768,sin2,ALS_q_entropy,0.1502962823671553
0.032,0.9359999999999999,14,768,cos3,ALS_q_entropy,0.54830951272843
0.032,0.9359999999999999,14,768,sin1,ALS_q_entropy,57.146044318499165
0.064,0.872,14,768,sin2,ALS_q_entropy,0.3060550854917453
0.064,0.872,14,768,cos3,ALS_q_entropy,1.114124219242546
0.064,0.872,14,768,sin1,ALS_q_entropy,28.805635968370364
0.1,0.8,14,768,sin2,ALS_q_entropy,0.49534940997962373
0.1,0.8,14,768,cos3,ALS_q_entropy,1.7956017900229038
0.1,0.8,14,768,sin1,ALS_q_entropy,18.730772989088194
